醫事機構代碼,醫事機構名稱,醫事機構種類,電話,地址,分區業務組,特約類別,服務項目,診療科別,終止合約或歇業日期,固定看診時段,備註,縣市別代碼,合約起日,類型
131060010,衛生福利部樂生療養院,醫院,(02)82006600,新北市新莊區中正路７９４號及桃園縣龜山鄉萬壽路１段５０巷２號,臺北業務組,3,"復健－物理治療業務,復健－職能治療業務,復健－語言治療業務,急診業務,門診診療,住院診療,血液透析,精神病患者居家照護,義肢業務,胸部低劑量電腦斷層檢查,精神科日間住院治療,腹膜透析業務","家醫科,內科,外科,兒科,婦產科,骨科,泌尿科,耳鼻喉科,眼科,神經科,精神科,復健科,急診醫學科,牙科,中醫一般科,麻醉科,放射線科",20250706.0,星期一上午看診、星期二上午看診、星期三上午看診、星期四上午看診、星期五上午看診、星期六上午看診、星期日上午休診、星期一下午看診、星期二下午看診、星期三下午看診、星期四下午看診、星期五下午看診、星期六下午休診、星期日下午休診、星期一晚上看診、星期二晚上看診、星期三晚上看診、星期四晚上看診、星期五晚上看診、星期六晚上休診、星期日晚上休診,急診提供24小時服務，門診開診日及開診科別依本院門診表公告為準。,65000,19950707,地區醫院
401190010,國立臺灣大學醫學院附設醫院北護分院,綜合醫院,(02)23717101,臺北市萬華區康定路３７號、臺北市萬華區內江街８７號,臺北業務組,3,"復健－物理治療業務,復健－職能治療業務,復健－語言治療業務,門診診療,婦女人類乳突病毒檢測服務,住院診療,血液透析,分娩,腹膜透析業務","家醫科,內科,兒科,婦產科,耳鼻喉科,眼科,神經科,精神科,復健科,牙科,麻醉科",20280229.0,星期一上午看診、星期二上午看診、星期三上午看診、星期四上午看診、星期五上午看診、星期六上午看診、星期日上午休診、星期一下午看診、星期二下午看診、星期三下午看診、星期四下午看診、星期五下午看診、星期六下午休診、星期日下午休診、星期一晚上看診、星期二晚上看診、星期三晚上看診、星期四晚上看診、星期五晚上看診、星期六晚上休診、星期日晚上休診,-,63000,19950301,地區醫院
431270012,國立臺灣大學醫學院附設醫院金山分院,醫院,(02)24989898,新北市金山區五湖里玉爐路７號,臺北業務組,3,"復健－物理治療業務,復健－職能治療業務,安寧居家療護(甲類),復健－語言治療業務,急診業務,門診診療,婦女人類乳突病毒檢測服務,住院診療,血液透析,腹膜透析業務","不分科,家醫科,內科,外科,兒科,骨科,泌尿科,神經科,復健科,急診醫學科,牙科,放射線科",20250930.0,星期一上午看診、星期二上午看診、星期三上午看診、星期四上午看診、星期五上午看診、星期六上午休診、星期日上午休診、星期一下午看診、星期二下午看診、星期三下午看診、星期四下午看診、星期五下午看診、星期六下午休診、星期日下午休診、星期一晚上休診、星期二晚上休診、星期三晚上休診、星期四晚上休診、星期五晚上休診、星期六晚上休診、星期日晚上休診,-,65000,20101001,地區醫院
701160518,臺北市立關渡醫院-委託臺北榮民總醫院經營,慢性醫院,(02)28587000,臺北市北投區知行路２２５巷１２號,臺北業務組,3,"復健－物理治療業務,復健－職能治療業務,住院安寧療護,復健－語言治療業務,急診業務,門診診療,婦女人類乳突病毒檢測服務,住院診療,血液透析,胸部低劑量電腦斷層檢查,精神科日間住院治療,結核病","家醫科,內科,神經科,精神科,復健科,牙科,中醫一般科,放射診斷科",20250717.0,星期一上午看診、星期二上午看診、星期三上午看診、星期四上午看診、星期五上午看診、星期六上午看診、星期日上午休診、星期一下午看診、星期二下午看診、星期三下午看診、星期四下午看診、星期五下午看診、星期六下午休診、星期日下午休診、星期一晚上看診、星期二晚上看診、星期三晚上看診、星期四晚上看診、星期五晚上看診、星期六晚上休診、星期日晚上休診,急診看診時間:0800-2200,63000,20000718,地區醫院
901020013,中山醫療社團法人中山醫院,綜合醫院,(02)27081166,臺北市大安區仁愛路４段１１２巷１１號、１２號,臺北業務組,3,"復健－物理治療業務,急診業務,門診診療,婦女人類乳突病毒檢測服務,住院診療,血液透析,分娩,胸部低劑量電腦斷層檢查","家醫科,內科,外科,兒科,婦產科,骨科,神經外科,泌尿科,耳鼻喉科,眼科,皮膚科,神經科,復健科,整形外科,牙科,麻醉科,放射腫瘤科,放射診斷科,解剖病理科",20251231.0,星期一上午看診、星期二上午看診、星期三上午看診、星期四上午看診、星期五上午看診、星期六上午看診、星期日上午休診、星期一下午看診、星期二下午看診、星期三下午看診、星期四下午看診、星期五下午看診、星期六下午休診、星期日下午休診、星期一晚上看診、星期二晚上看診、星期三晚上看診、星期四晚上看診、星期五晚上看診、星期六晚上休診、星期日晚上休診,提供２４小時急診服務,63000,20070101,地區醫院
901180023,郵政醫院（委託中英醫療社團法人經營）,醫院,(02)23956755,臺北市中正區福州街１４號,臺北業務組,3,"復健－物理治療業務,門診診療,住院診療","內科,外科,骨科,泌尿科,眼科,皮膚科,神經科,復健科,麻醉科,放射診斷科",20270812.0,星期一上午看診、星期二上午看診、星期三上午看診、星期四上午看診、星期五上午看診、星期六上午看診、星期日上午看診、星期一下午看診、星期二下午看診、星期三下午看診、星期四下午看診、星期五下午看診、星期六下午看診、星期日下午看診、星期一晚上看診、星期二晚上看診、星期三晚上看診、星期四晚上看診、星期五晚上看診、星期六晚上看診、星期日晚上看診,-,63000,20150813,地區醫院
901190010,西園醫療社團法人西園醫院,綜合醫院,(02)23076968,臺北市萬華區西園路２段２６６～２７４號、１８５、１８７號,臺北業務組,3,"復健－物理治療業務,復健－職能治療業務,急診業務,門診診療,住院診療,血液透析,分娩,胸部低劑量電腦斷層檢查,腹膜透析業務,結核病","家醫科,內科,外科,兒科,婦產科,骨科,神經外科,泌尿科,耳鼻喉科,眼科,皮膚科,神經科,精神科,復健科,急診醫學科,牙科,麻醉科,放射診斷科",20270531.0,星期一上午看診、星期二上午看診、星期三上午看診、星期四上午看診、星期五上午看診、星期六上午看診、星期日上午看診、星期一下午看診、星期二下午看診、星期三下午看診、星期四下午看診、星期五下午看診、星期六下午看診、星期日下午休診、星期一晚上看診、星期二晚上看診、星期三晚上看診、星期四晚上看診、星期五晚上看診、星期六晚上看診、星期日晚上休診,-,63000,20180601,地區醫院
931010016,中英醫療社團法人中英醫院,醫院,(02)22563584,新北市板橋區文化路１段１９６號１－４樓,臺北業務組,3,"復健－物理治療業務,復健－職能治療業務,急診業務,門診診療,住院診療,血液透析,胸部低劑量電腦斷層檢查","內科,外科,骨科,泌尿科,復健科,牙科,麻醉科,放射診斷科",20251130.0,星期一上午看診、星期二上午看診、星期三上午看診、星期四上午看診、星期五上午看診、星期六上午看診、星期日上午休診、星期一下午看診、星期二下午看診、星期三下午看診、星期四下午看診、星期五下午看診、星期六下午看診、星期日下午休診、星期一晚上看診、星期二晚上看診、星期三晚上看診、星期四晚上看診、星期五晚上看診、星期六晚上看診、星期日晚上休診,-,65000,20071201,地區醫院
931010025,中英醫療社團法人板英醫院,醫院,(02)82513923,新北市板橋區文化路１段２６７、２６９、２７１號１－４樓,臺北業務組,3,"復健－物理治療業務,復健－職能治療業務,復健－語言治療業務,門診診療,住院診療","家醫科,內科,復健科",20260630.0,星期一上午看診、星期二上午看診、星期三上午看診、星期四上午看診、星期五上午看診、星期六上午看診、星期日上午休診、星期一下午看診、星期二下午看診、星期三下午看診、星期四下午看診、星期五下午看診、星期六下午休診、星期日下午休診、星期一晚上看診、星期二晚上看診、星期三晚上看診、星期四晚上看診、星期五晚上看診、星期六晚上休診、星期日晚上休診,-,65000,20090701,地區醫院
931050010,怡濟慈園醫療社團法人宏濟神經精神科醫院,精神科醫院,(02)22118899,新北市新店區安忠路５７巷５號,臺北業務組,3,"門診診療,住院診療",精神科,20250706.0,星期一上午休診、星期二上午休診、星期三上午看診、星期四上午休診、星期五上午休診、星期六上午休診、星期日上午休診、星期一下午看診、星期二下午看診、星期三下午看診、星期四下午看診、星期五下午休診、星期六下午休診、星期日下午休診、星期一晚上看診、星期二晚上休診、星期三晚上休診、星期四晚上休診、星期五晚上休診、星期六晚上休診、星期日晚上休診,5／1勞動節休診。,65000,20160707,地區醫院
931060016,新仁醫療社團法人新仁醫院,醫院,(02)22017212,新北市新莊區中正路３９５號、福海街２４巷１號,臺北業務組,3,"復健－物理治療業務,復健－職能治療業務,復健－語言治療業務,急診業務,門診診療,住院診療,血液透析","家醫科,內科,外科,骨科,泌尿科,復健科",20260531.0,星期一上午看診、星期二上午看診、星期三上午看診、星期四上午看診、星期五上午看診、星期六上午看診、星期日上午休診、星期一下午看診、星期二下午看診、星期三下午看診、星期四下午看診、星期五下午看診、星期六下午看診、星期日下午休診、星期一晚上看診、星期二晚上看診、星期三晚上看診、星期四晚上看診、星期五晚上看診、星期六晚上看診、星期日晚上休診,-,65000,20110601,地區醫院
931090014,永聖醫療社團法人文化醫院,醫院,(02)26732885,新北市三峽區介壽路１段１９９號,臺北業務組,3,"門診診療,住院診療",內科,20280220.0,星期一上午看診、星期二上午看診、星期三上午看診、星期四上午看診、星期五上午看診、星期六上午看診、星期日上午看診、星期一下午看診、星期二下午看診、星期三下午看診、星期四下午看診、星期五下午看診、星期六下午看診、星期日下午看診、星期一晚上看診、星期二晚上看診、星期三晚上看診、星期四晚上看診、星期五晚上看診、星期六晚上看診、星期日晚上看診,-,65000,20080221,地區醫院
931100015,北新醫療社團法人北新醫院,精神科醫院,(02)26209199,新北市淡水區忠寮里演戲埔腳１之２號,臺北業務組,3,"門診診療,住院診療",精神科,20250810.0,星期一上午看診、星期二上午看診、星期三上午看診、星期四上午看診、星期五上午看診、星期六上午休診、星期日上午休診、星期一下午休診、星期二下午休診、星期三下午休診、星期四下午休診、星期五下午休診、星期六下午休診、星期日下午休診、星期一晚上休診、星期二晚上休診、星期三晚上休診、星期四晚上休診、星期五晚上休診、星期六晚上休診、星期日晚上休診,-,65000,20160811,地區醫院
1101020027,中心診所醫療財團法人中心綜合醫院,綜合醫院,(02)27510221,臺北市大安區忠孝東路４段７７號,臺北業務組,3,"復健－物理治療業務,急診業務,門診診療,婦女人類乳突病毒檢測服務,住院診療,血液透析,分娩,胸部低劑量電腦斷層檢查,腹膜透析業務","家醫科,內科,外科,兒科,婦產科,骨科,神經外科,泌尿科,耳鼻喉科,眼科,神經科,精神科,復健科,職業醫學科,急診醫學科,牙科,口腔顎面外科,麻醉科,放射診斷科",20280229.0,星期一上午看診、星期二上午看診、星期三上午看診、星期四上午看診、星期五上午看診、星期六上午看診、星期日上午休診、星期一下午看診、星期二下午看診、星期三下午看診、星期四下午看診、星期五下午看診、星期六下午看診、星期日下午休診、星期一晚上看診、星期二晚上看診、星期三晚上看診、星期四晚上看診、星期五晚上看診、星期六晚上看診、星期日晚上休診,-,63000,19950301,地區醫院
1101020036,宏恩醫療財團法人宏恩綜合醫院,綜合醫院,(02)27713161,臺北市大安區仁愛路４段７１巷１號及４段６１號、９１巷１６號,臺北業務組,3,"復健－物理治療業務,復健－職能治療業務,復健－語言治療業務,急診業務,門診診療,住院診療,血液透析,分娩,胸部低劑量電腦斷層檢查,結核病","家醫科,內科,外科,兒科,婦產科,骨科,神經外科,泌尿科,耳鼻喉科,眼科,神經科,復健科,職業醫學科,牙科,麻醉科,放射線科",20280229.0,星期一上午看診、星期二上午看診、星期三上午看診、星期四上午看診、星期五上午看診、星期六上午看診、星期日上午看診、星期一下午看診、星期二下午看診、星期三下午看診、星期四下午看診、星期五下午看診、星期六下午看診、星期日下午休診、星期一晚上看診、星期二晚上看診、星期三晚上看診、星期四晚上看診、星期五晚上看診、星期六晚上休診、星期日晚上休診,急診時間：07:00-22:00,63000,19950301,地區醫院
1101110026,康寧醫療財團法人康寧醫院,綜合醫院,(02)26345500,臺北市內湖區成功路５段４２０巷２６號,臺北業務組,3,"復健－物理治療業務,復健－職能治療業務,急診業務,門診診療,婦女人類乳突病毒檢測服務,住院診療,血液透析,分娩,胸部低劑量電腦斷層檢查,腹膜透析業務,結核病","家醫科,內科,外科,兒科,婦產科,骨科,泌尿科,耳鼻喉科,神經科,復健科,急診醫學科,牙科,麻醉科,放射診斷科",20250731.0,星期一上午看診、星期二上午看診、星期三上午看診、星期四上午看診、星期五上午看診、星期六上午看診、星期日上午休診、星期一下午看診、星期二下午看診、星期三下午看診、星期四下午看診、星期五下午看診、星期六下午休診、星期日下午休診、星期一晚上看診、星期二晚上看診、星期三晚上看診、星期四晚上看診、星期五晚上看診、星期六晚上休診、星期日晚上休診,-,63000,19990801,地區醫院
1231030015,天主教耕莘醫療財團法人永和耕莘醫院,綜合醫院,(02)29286060,新北市永和區中興街８０號Ｂ１-７樓、國光路１２３號Ｂ３-１１樓,臺北業務組,3,"復健－物理治療業務,復健－職能治療業務,安寧居家療護(甲類),復健－語言治療業務,急診業務,門診診療,婦女人類乳突病毒檢測服務,住院診療,血液透析,分娩,胸部低劑量電腦斷層檢查,結核病","家醫科,內科,外科,兒科,婦產科,骨科,神經外科,泌尿科,耳鼻喉科,眼科,皮膚科,神經科,精神科,復健科,職業醫學科,急診醫學科,牙科,中醫一般科,麻醉科,放射線科,解剖病理科",20280229.0,星期一上午看診、星期二上午看診、星期三上午看診、星期四上午看診、星期五上午看診、星期六上午看診、星期日上午休診、星期一下午看診、星期二下午看診、星期三下午看診、星期四下午看診、星期五下午看診、星期六下午休診、星期日下午休診、星期一晚上看診、星期二晚上看診、星期三晚上看診、星期四晚上看診、星期五晚上看診、星期六晚上休診、星期日晚上休診,急診24小時,65000,19950301,地區醫院
1301110511,中國醫藥大學附設醫院臺北分院,綜合醫院,(02)27919696,臺北市內湖區內湖路２段３６０號,臺北業務組,3,"復健－物理治療業務,復健－職能治療業務,復健－語言治療業務,門診診療,住院診療,血液透析,胸部低劑量電腦斷層檢查,腹膜透析業務","家醫科,內科,兒科,婦產科,骨科,神經外科,泌尿科,耳鼻喉科,眼科,神經科,精神科,復健科,中醫一般科,麻醉科,放射線科",20250824.0,星期一上午看診、星期二上午看診、星期三上午看診、星期四上午看診、星期五上午看診、星期六上午看診、星期日上午休診、星期一下午看診、星期二下午看診、星期三下午看診、星期四下午看診、星期五下午看診、星期六下午看診、星期日下午休診、星期一晚上看診、星期二晚上看診、星期三晚上看診、星期四晚上看診、星期五晚上看診、星期六晚上休診、星期日晚上休診,颱風天開診情形請洽本院網站最新消息公告，本院無急診、快篩及PCR服務。,63000,20080825,地區醫院
1401190011,財團法人台灣省私立台北仁濟院附設仁濟醫院,醫院,(02)23021133,臺北市萬華區廣州街２００、２４３號,臺北業務組,3,"復健－物理治療業務,門診診療,婦女人類乳突病毒檢測服務,住院診療,胸部低劑量電腦斷層檢查,結核病","家醫科,內科,外科,婦產科,骨科,耳鼻喉科,眼科,皮膚科,神經科,復健科,牙科,中醫一般科,放射診斷科",20280229.0,星期一上午看診、星期二上午看診、星期三上午看診、星期四上午看診、星期五上午看診、星期六上午休診、星期日上午休診、星期一下午看診、星期二下午看診、星期三下午看診、星期四下午看診、星期五下午看診、星期六下午休診、星期日下午休診、星期一晚上休診、星期二晚上休診、星期三晚上休診、星期四晚上休診、星期五晚上休診、星期六晚上休診、星期日晚上休診,-,63000,19950301,地區醫院
1401190039,同仁院醫療財團法人萬華醫院,慢性醫院,(02)23059292,臺北市萬華區中華路２段６０６巷６號,臺北業務組,3,"復健－物理治療業務,復健－職能治療業務,復健－語言治療業務,門診診療,住院診療","內科,外科,復健科,中醫一般科",20250920.0,星期一上午看診、星期二上午看診、星期三上午看診、星期四上午看診、星期五上午看診、星期六上午看診、星期日上午休診、星期一下午看診、星期二下午看診、星期三下午看診、星期四下午看診、星期五下午看診、星期六下午看診、星期日下午休診、星期一晚上看診、星期二晚上看診、星期三晚上看診、星期四晚上看診、星期五晚上看診、星期六晚上休診、星期日晚上休診,-,63000,19960921,地區醫院
1431060017,財團法人台灣省私立台北仁濟院附設新莊仁濟醫院,精神科醫院,(02)22015222,新北市新莊區中環路１段２８號,臺北業務組,3,"門診診療,住院診療,精神病患者居家照護,精神科日間住院治療",精神科,20260831.0,星期一上午看診、星期二上午看診、星期三上午看診、星期四上午看診、星期五上午看診、星期六上午看診、星期日上午休診、星期一下午看診、星期二下午看診、星期三下午看診、星期四下午看診、星期五下午看診、星期六下午休診、星期日下午休診、星期一晚上休診、星期二晚上休診、星期三晚上休診、星期四晚上休診、星期五晚上休診、星期六晚上休診、星期日晚上休診,-,65000,20110901,地區醫院
1501010010,博仁綜合醫院,綜合醫院,(02)25786677,臺北市松山區光復北路６６、６８號,臺北業務組,3,"復健－物理治療業務,復健－職能治療業務,復健－聽力語言治療業務,急診業務,門診診療,住院診療,血液透析,分娩,胸部低劑量電腦斷層檢查","不分科,家醫科,內科,外科,兒科,婦產科,骨科,泌尿科,耳鼻喉科,眼科,皮膚科,神經科,精神科,復健科,職業醫學科,牙科,麻醉科,放射診斷科",20280229.0,星期一上午看診、星期二上午看診、星期三上午看診、星期四上午看診、星期五上午看診、星期六上午看診、星期日上午看診、星期一下午看診、星期二下午看診、星期三下午看診、星期四下午看診、星期五下午看診、星期六下午看診、星期日下午看診、星期一晚上看診、星期二晚上看診、星期三晚上看診、星期四晚上看診、星期五晚上看診、星期六晚上看診、星期日晚上看診,-,63000,19950301,地區醫院
1501010029,培靈醫院,精神科醫院,(02)27606116,臺北市松山區八德路４段３５５號,臺北業務組,3,"門診診療,住院診療",精神科,20280229.0,星期一上午看診、星期二上午看診、星期三上午看診、星期四上午看診、星期五上午看診、星期六上午休診、星期日上午休診、星期一下午看診、星期二下午看診、星期三下午看診、星期四下午看診、星期五下午看診、星期六下午休診、星期日下午休診、星期一晚上休診、星期二晚上休診、星期三晚上休診、星期四晚上休診、星期五晚上休診、星期六晚上休診、星期日晚上休診,每週六、週日及國定假日休診,63000,19950301,地區醫院
1501021219,秀傳醫院,醫院,(02)27717172,臺北市大安區光復南路１１６巷１、３、５號１至４樓及地下１樓,臺北業務組,3,"門診診療,住院診療,血液透析","家醫科,內科,婦產科,皮膚科",20270228.0,星期一上午休診、星期二上午休診、星期三上午看診、星期四上午休診、星期五上午休診、星期六上午休診、星期日上午休診、星期一下午休診、星期二下午休診、星期三下午休診、星期四下午休診、星期五下午休診、星期六下午休診、星期日下午休診、星期一晚上休診、星期二晚上休診、星期三晚上休診、星期四晚上休診、星期五晚上休診、星期六晚上休診、星期日晚上休診,停診,63000,20180301,地區醫院
1501100037,協和婦女醫院,醫院,(02)25072222,臺北市中山區松江路８５巷５號９３巷６號９３巷６號２樓,臺北業務組,3,"門診診療,婦女人類乳突病毒檢測服務,住院診療,分娩","兒科,婦產科,牙科",20250713.0,星期一上午看診、星期二上午看診、星期三上午看診、星期四上午看診、星期五上午看診、星期六上午看診、星期日上午休診、星期一下午看診、星期二下午看診、星期三下午看診、星期四下午看診、星期五下午看診、星期六下午看診、星期日下午休診、星期一晚上休診、星期二晚上休診、星期三晚上休診、星期四晚上休診、星期五晚上休診、星期六晚上休診、星期日晚上休診,-,63000,19970714,地區醫院
1501101141,泰安醫院,慢性醫院,(02)25251111,臺北市中山區民權東路２段９２巷２－１號（地下１樓至地上６樓）,臺北業務組,3,,,20240620.0,,,63000,20030919,地區醫院
1501201020,景美醫院,醫院,(02)29331010,臺北市文山區羅斯福路６段２８０號及文山區育英街２巷１８號,臺北業務組,3,"復健－物理治療業務,復健－職能治療業務,復健－語言治療業務,急診業務,門診診療,住院診療,結核病","家醫科,內科,外科,骨科,復健科,麻醉科,放射診斷科",20271231.0,星期一上午看診、星期二上午看診、星期三上午看診、星期四上午看診、星期五上午看診、星期六上午看診、星期日上午休診、星期一下午看診、星期二下午看診、星期三下午看診、星期四下午看診、星期五下午看診、星期六下午看診、星期日下午休診、星期一晚上看診、星期二晚上看診、星期三晚上看診、星期四晚上看診、星期五晚上看診、星期六晚上休診、星期日晚上休診,-,63000,20060602,地區醫院
1531010082,板新醫院,醫院,(02)29609955,新北市板橋區中正路１８９號,臺北業務組,3,"復健－物理治療業務,復健－職能治療業務,復健－語言治療業務,急診業務,門診診療,住院診療,血液透析","內科,外科,神經科,復健科",20280229.0,星期一上午看診、星期二上午看診、星期三上午看診、星期四上午看診、星期五上午看診、星期六上午看診、星期日上午看診、星期一下午看診、星期二下午看診、星期三下午看診、星期四下午看診、星期五下午看診、星期六下午看診、星期日下午休診、星期一晚上看診、星期二晚上看診、星期三晚上看診、星期四晚上看診、星期五晚上看診、星期六晚上休診、星期日晚上休診,-,65000,19950301,地區醫院
1531010108,蕭中正醫院,醫院,(02)29685661,新北市板橋區南雅南路１段１５－１，１７，１９號,臺北業務組,3,"安寧居家療護(乙類),復健－物理治療業務,復健－職能治療業務,門診診療,住院診療,血液透析,分娩,腹膜透析業務","家醫科,內科,婦產科,泌尿科,復健科",20250820.0,星期一上午看診、星期二上午看診、星期三上午看診、星期四上午看診、星期五上午看診、星期六上午看診、星期日上午休診、星期一下午看診、星期二下午看診、星期三下午看診、星期四下午看診、星期五下午看診、星期六下午看診、星期日下午休診、星期一晚上看診、星期二晚上看診、星期三晚上看診、星期四晚上看診、星期五晚上看診、星期六晚上看診、星期日晚上休診,-,65000,19980821,地區醫院
1531010279,板橋中興醫院,綜合醫院,(02)29590707,新北市板橋區忠孝路１５號、新北市土城區中華路１段３２號,臺北業務組,3,"復健－物理治療業務,復健－職能治療業務,門診診療,住院診療,胸部低劑量電腦斷層檢查","家醫科,內科,外科,骨科,泌尿科,神經科,放射線科,放射腫瘤科",20280315.0,星期一上午看診、星期二上午看診、星期三上午看診、星期四上午看診、星期五上午看診、星期六上午看診、星期日上午休診、星期一下午看診、星期二下午看診、星期三下午看診、星期四下午看診、星期五下午看診、星期六下午看診、星期日下午休診、星期一晚上看診、星期二晚上看診、星期三晚上看診、星期四晚上看診、星期五晚上看診、星期六晚上看診、星期日晚上休診,-,65000,19990316,地區醫院
1531011310,板橋國泰醫院,醫院,(02)29583333,新北市板橋區忠孝路５，７，９，１１號１－３樓,臺北業務組,3,"復健－物理治療業務,復健－職能治療業務,復健－聽力語言治療業務,急診業務,門診診療,住院診療","家醫科,內科,兒科,復健科",20260114.0,星期一上午看診、星期二上午看診、星期三上午看診、星期四上午看診、星期五上午休診、星期六上午看診、星期日上午休診、星期一下午休診、星期二下午休診、星期三下午看診、星期四下午休診、星期五下午休診、星期六下午休診、星期日下午休診、星期一晚上休診、星期二晚上看診、星期三晚上休診、星期四晚上看診、星期五晚上休診、星期六晚上休診、星期日晚上休診,-,65000,20000115,地區醫院
1531020122,宏仁醫院,醫院,(02)29788877,新北市三重區水漾路１段１５８號,臺北業務組,3,,,20240801.0,,,65000,19970630,地區醫院
1531021165,三重中興醫院,醫院,(02)29959680,新北市三重區中興北街２１號,臺北業務組,3,"復健－物理治療業務,復健－職能治療業務,復健－語言治療業務,急診業務,門診診療,住院診療","內科,外科,神經科,復健科,職業醫學科",20250827.0,星期一上午看診、星期二上午看診、星期三上午看診、星期四上午看診、星期五上午看診、星期六上午看診、星期日上午休診、星期一下午看診、星期二下午看診、星期三下午看診、星期四下午看診、星期五下午看診、星期六下午休診、星期日下午休診、星期一晚上看診、星期二晚上看診、星期三晚上看診、星期四晚上看診、星期五晚上看診、星期六晚上休診、星期日晚上休診,-,65000,20030828,地區醫院
1531021174,祐民醫院,醫院,(02)29783456,新北市三重區重新路２段２、６號，地下１層至地上９層,臺北業務組,3,,,20231215.0,,,65000,20060401,地區醫院
1531021183,全民醫院,醫院,(02)22821575,新北市三重區三和路４段１０３之２號１樓、２樓、３樓,臺北業務組,3,"復健－物理治療業務,復健－職能治療業務,復健－語言治療業務,門診診療,住院診療","家醫科,內科,外科,泌尿科,復健科",20260806.0,星期一上午看診、星期二上午看診、星期三上午看診、星期四上午看診、星期五上午看診、星期六上午看診、星期日上午看診、星期一下午看診、星期二下午看診、星期三下午看診、星期四下午看診、星期五下午看診、星期六下午看診、星期日下午休診、星期一晚上看診、星期二晚上看診、星期三晚上看診、星期四晚上看診、星期五晚上看診、星期六晚上休診、星期日晚上休診,114／1／1晚上休診,65000,20230807,地區醫院
1531021192,宏仁醫院,醫院,(02)29788877,新北市三重區水漾路１段１５８號,臺北業務組,3,"復健－物理治療業務,復健－職能治療業務,復健－語言治療業務,急診業務,門診診療,住院診療,血液透析,胸部低劑量電腦斷層檢查,腹膜透析業務","家醫科,內科,外科,骨科,泌尿科,復健科,職業醫學科,急診醫學科,麻醉科,放射診斷科",20270731.0,星期一上午看診、星期二上午看診、星期三上午看診、星期四上午看診、星期五上午看診、星期六上午看診、星期日上午休診、星期一下午看診、星期二下午看診、星期三下午看診、星期四下午看診、星期五下午看診、星期六下午休診、星期日下午休診、星期一晚上看診、星期二晚上看診、星期三晚上看診、星期四晚上看診、星期五晚上看診、星期六晚上休診、星期日晚上休診,-,65000,20240801,地區醫院
1531031278,永和復康醫院,醫院,(02)29240925,新北市永和區中和路５７５、５７７、５７９號１至４樓,臺北業務組,3,"復健－物理治療業務,復健－職能治療業務,復健－語言治療業務,門診診療,住院診療","內科,復健科",20271105.0,星期一上午看診、星期二上午看診、星期三上午看診、星期四上午看診、星期五上午看診、星期六上午看診、星期日上午休診、星期一下午看診、星期二下午看診、星期三下午看診、星期四下午看診、星期五下午看診、星期六下午休診、星期日下午休診、星期一晚上看診、星期二晚上看診、星期三晚上看診、星期四晚上看診、星期五晚上看診、星期六晚上休診、星期日晚上休診,-,65000,20151106,地區醫院
1531040259,中祥醫院,醫院,(02)22405055,新北市中和區中山路二段３５９巷２號、４號、６號,臺北業務組,3,"門診診療,住院診療,血液透析","家醫科,內科,外科",20250901.0,星期一上午看診、星期二上午看診、星期三上午看診、星期四上午看診、星期五上午看診、星期六上午看診、星期日上午休診、星期一下午看診、星期二下午看診、星期三下午看診、星期四下午看診、星期五下午看診、星期六下午看診、星期日下午休診、星期一晚上休診、星期二晚上休診、星期三晚上看診、星期四晚上休診、星期五晚上休診、星期六晚上休診、星期日晚上休診,-,65000,19960902,地區醫院
1531041363,蕙生醫院,醫院,(02)22236339,新北市中和區中山路２段５５１號地下１樓至地上１至６樓,臺北業務組,3,"門診診療,婦女人類乳突病毒檢測服務,住院診療,分娩","兒科,婦產科",20280229.0,星期一上午看診、星期二上午看診、星期三上午看診、星期四上午看診、星期五上午看診、星期六上午看診、星期日上午休診、星期一下午看診、星期二下午看診、星期三下午看診、星期四下午看診、星期五下午看診、星期六下午看診、星期日下午休診、星期一晚上看診、星期二晚上看診、星期三晚上看診、星期四晚上看診、星期五晚上看診、星期六晚上休診、星期日晚上休診,-,65000,20050301,地區醫院
1531041390,怡和醫院,醫院,(02)22450009,新北市中和區連城路４９號１至４樓,臺北業務組,3,"復健－物理治療業務,復健－職能治療業務,復健－語言治療業務,門診診療,住院診療","家醫科,內科,泌尿科,復健科",20250901.0,星期一上午看診、星期二上午看診、星期三上午看診、星期四上午看診、星期五上午看診、星期六上午看診、星期日上午休診、星期一下午看診、星期二下午看診、星期三下午看診、星期四下午看診、星期五下午看診、星期六下午看診、星期日下午休診、星期一晚上看診、星期二晚上看診、星期三晚上看診、星期四晚上看診、星期五晚上看診、星期六晚上休診、星期日晚上休診,-,65000,20130902,地區醫院
1531041407,祥顥醫院,醫院,(02)29468795,新北市中和區景平路４１２、４１２之１號１至５樓,臺北業務組,3,,,20220615.0,,,65000,20151224,地區醫院
1531050077,同仁醫院,醫院,(02)29170201,新北市新店區民權路８９號,臺北業務組,3,"復健－物理治療業務,復健－職能治療業務,門診診療,住院診療,血液透析","內科,外科,復健科",20280229.0,星期一上午看診、星期二上午看診、星期三上午看診、星期四上午看診、星期五上午看診、星期六上午看診、星期日上午休診、星期一下午看診、星期二下午看診、星期三下午看診、星期四下午看診、星期五下午看診、星期六下午休診、星期日下午休診、星期一晚上看診、星期二晚上看診、星期三晚上休診、星期四晚上看診、星期五晚上休診、星期六晚上休診、星期日晚上休診,-,65000,19950301,地區醫院
1531050086,宏慈療養院,精神科醫院,(02)22151177,新北市新店區安泰路１５７號１、２樓,臺北業務組,3,"門診診療,住院診療,精神病患者居家照護",精神科,20251102.0,星期一上午看診、星期二上午休診、星期三上午休診、星期四上午休診、星期五上午休診、星期六上午休診、星期日上午休診、星期一下午休診、星期二下午休診、星期三下午看診、星期四下午休診、星期五下午休診、星期六下午休診、星期日下午休診、星期一晚上休診、星期二晚上休診、星期三晚上休診、星期四晚上休診、星期五晚上休診、星期六晚上休診、星期日晚上休診,-,65000,19971103,地區醫院
1531051163,豐榮醫院,醫院,(02)22122111,新北市新店區安德街２６巷３號B棟,臺北業務組,3,"安寧居家療護(乙類),復健－物理治療業務,復健－職能治療業務,復健－聽力語言治療業務,門診診療,住院診療,血液透析,胸部低劑量電腦斷層檢查","內科,外科,骨科,復健科,麻醉科,放射診斷科",20270412.0,星期一上午看診、星期二上午看診、星期三上午看診、星期四上午看診、星期五上午看診、星期六上午看診、星期日上午休診、星期一下午看診、星期二下午看診、星期三下午看診、星期四下午看診、星期五下午看診、星期六下午休診、星期日下午休診、星期一晚上看診、星期二晚上看診、星期三晚上看診、星期四晚上看診、星期五晚上看診、星期六晚上休診、星期日晚上休診,-,65000,20180413,地區醫院
1531051172,新北仁康醫院,醫院,(02)22152345,新北市新店區安康路２段３２３號地上１至２樓B棟,臺北業務組,3,"復健－物理治療業務,復健－職能治療業務,復健－聽力語言治療業務,門診診療,住院診療","內科,外科,骨科,神經科,復健科",20270805.0,星期一上午看診、星期二上午看診、星期三上午看診、星期四上午看診、星期五上午看診、星期六上午看診、星期日上午看診、星期一下午看診、星期二下午看診、星期三下午看診、星期四下午看診、星期五下午看診、星期六下午休診、星期日下午休診、星期一晚上休診、星期二晚上休診、星期三晚上休診、星期四晚上休診、星期五晚上休診、星期六晚上休診、星期日晚上休診,-,65000,20180806,地區醫院
1531060046,大順醫院,慢性醫院,(02)29911726,新北市新莊區中正路２１５號１－４樓,臺北業務組,3,"門診診療,分娩","內科,外科,婦產科",20280229.0,星期一上午看診、星期二上午看診、星期三上午看診、星期四上午看診、星期五上午看診、星期六上午休診、星期日上午休診、星期一下午休診、星期二下午休診、星期三下午休診、星期四下午休診、星期五下午休診、星期六下午休診、星期日下午休診、星期一晚上休診、星期二晚上休診、星期三晚上休診、星期四晚上休診、星期五晚上休診、星期六晚上休診、星期日晚上休診,-,65000,19950301,地區醫院
1531060073,新莊英仁醫院,醫院,(02)29916363,新北市新莊區大觀街４６－２號,臺北業務組,3,"門診診療,住院診療","不分科,內科,外科,婦產科",20280229.0,星期一上午看診、星期二上午看診、星期三上午看診、星期四上午看診、星期五上午看診、星期六上午看診、星期日上午看診、星期一下午看診、星期二下午看診、星期三下午看診、星期四下午看診、星期五下午看診、星期六下午看診、星期日下午看診、星期一晚上看診、星期二晚上看診、星期三晚上看診、星期四晚上看診、星期五晚上看診、星期六晚上看診、星期日晚上休診,-,65000,19950301,地區醫院
1531060180,新泰綜合醫院,綜合醫院,(02)29962121,新北市新莊區新樹路１７６號,臺北業務組,3,,,20220301.0,,,65000,19960711,地區醫院
1531061230,益民醫院,醫院,(02)89911050,新北市新莊區中港路１２７號１－４樓,臺北業務組,3,"門診診療,住院診療",內科,20280630.0,星期一上午看診、星期二上午看診、星期三上午看診、星期四上午看診、星期五上午看診、星期六上午看診、星期日上午休診、星期一下午休診、星期二下午休診、星期三下午休診、星期四下午休診、星期五下午休診、星期六下午休診、星期日下午休診、星期一晚上休診、星期二晚上休診、星期三晚上休診、星期四晚上休診、星期五晚上休診、星期六晚上休診、星期日晚上休診,1140125-1140202休診,65000,20100701,地區醫院
1531061249,新泰綜合醫院,醫院,(02)29962121,新北市新莊區新樹路１７６號,臺北業務組,3,"復健－物理治療業務,復健－職能治療業務,復健－語言治療業務,急診業務,門診診療,住院診療,血液透析,結核病","內科,外科,兒科,婦產科,骨科,泌尿科,眼科,神經科,復健科,職業醫學科,急診醫學科,麻醉科,放射診斷科",20280229.0,星期一上午看診、星期二上午看診、星期三上午看診、星期四上午看診、星期五上午看診、星期六上午看診、星期日上午看診、星期一下午看診、星期二下午看診、星期三下午看診、星期四下午看診、星期五下午看診、星期六下午看診、星期日下午看診、星期一晚上看診、星期二晚上看診、星期三晚上看診、星期四晚上看診、星期五晚上看診、星期六晚上看診、星期日晚上看診,-,65000,20220301,地區醫院
1531061258,祥顥醫院,醫院,(02)22798898,新北市新莊區思源路２號１、４、５、６、７樓,臺北業務組,3,"門診診療,住院診療","內科,兒科",20280614.0,星期一上午看診、星期二上午看診、星期三上午看診、星期四上午看診、星期五上午看診、星期六上午休診、星期日上午休診、星期一下午看診、星期二下午看診、星期三下午看診、星期四下午休診、星期五下午休診、星期六下午休診、星期日下午休診、星期一晚上休診、星期二晚上休診、星期三晚上休診、星期四晚上休診、星期五晚上休診、星期六晚上休診、星期日晚上休診,-,65000,20220615,地區醫院
1531071030,仁愛醫院,綜合醫院,(02)26834567,新北市樹林區文化街９號,臺北業務組,3,"復健－物理治療業務,復健－職能治療業務,急診業務,門診診療,住院診療,血液透析,分娩,胸部低劑量電腦斷層檢查","家醫科,內科,外科,骨科,泌尿科,神經科,復健科,急診醫學科,麻醉科,放射線科",20250806.0,星期一上午看診、星期二上午看診、星期三上午看診、星期四上午看診、星期五上午看診、星期六上午看診、星期日上午休診、星期一下午看診、星期二下午看診、星期三下午看診、星期四下午看診、星期五下午看診、星期六下午休診、星期日下午休診、星期一晚上休診、星期二晚上休診、星期三晚上休診、星期四晚上休診、星期五晚上休診、星期六晚上休診、星期日晚上休診,急診24小時服務,65000,20000807,地區醫院
1531091149,清福醫院,醫院,(02)26739288,新北市三峽區介壽路１段２８６號２樓,臺北業務組,3,"門診診療,住院診療,血液透析","家醫科,內科,婦產科",20270131.0,星期一上午看診、星期二上午看診、星期三上午看診、星期四上午看診、星期五上午看診、星期六上午看診、星期日上午休診、星期一下午看診、星期二下午看診、星期三下午看診、星期四下午看診、星期五下午看診、星期六下午看診、星期日下午休診、星期一晚上看診、星期二晚上看診、星期三晚上看診、星期四晚上看診、星期五晚上看診、星期六晚上看診、星期日晚上休診,-,65000,20210201,地區醫院
1531100027,公祥醫院,醫院,(02)26217638,新北市淡水區英專路２１巷２５、２７號、中山路３８、４０號,臺北業務組,3,,,20220301.0,,,65000,19950301,地區醫院
1531101113,泓安醫院,精神科醫院,(02)26232681,新北市淡水區下圭柔山９１巷２號１－４樓地下１樓,臺北業務組,3,,,20250516.0,星期一上午休診、星期二上午看診、星期三上午休診、星期四上午休診、星期五上午休診、星期六上午休診、星期日上午休診、星期一下午看診、星期二下午休診、星期三下午看診、星期四下午看診、星期五下午看診、星期六下午休診、星期日下午休診、星期一晚上休診、星期二晚上休診、星期三晚上休診、星期四晚上休診、星期五晚上休診、星期六晚上休診、星期日晚上休診,-,65000,20030415,地區醫院
1531120038,瑞芳礦工醫院,醫院,(02)24974101,新北市瑞芳區一坑路７１之２號,臺北業務組,3,"復健－物理治療業務,急診業務,門診診療,住院診療,血液透析","內科,外科,骨科",20250731.0,星期一上午看診、星期二上午看診、星期三上午看診、星期四上午看診、星期五上午看診、星期六上午看診、星期日上午休診、星期一下午看診、星期二下午看診、星期三下午看診、星期四下午看診、星期五下午看診、星期六下午休診、星期日下午休診、星期一晚上看診、星期二晚上看診、星期三晚上看診、星期四晚上看診、星期五晚上看診、星期六晚上休診、星期日晚上休診,-,65000,20100801,地區醫院
1531130052,廣川醫院,醫院,(02)22617000,新北市土城區裕民路２７４、２７６、２７８號,臺北業務組,3,"復健－物理治療業務,復健－職能治療業務,復健－語言治療業務,門診診療,住院診療","家醫科,內科,外科,骨科,泌尿科,復健科",20280229.0,星期一上午看診、星期二上午看診、星期三上午看診、星期四上午看診、星期五上午看診、星期六上午看診、星期日上午看診、星期一下午看診、星期二下午看診、星期三下午看診、星期四下午看診、星期五下午看診、星期六下午看診、星期日下午看診、星期一晚上看診、星期二晚上看診、星期三晚上看診、星期四晚上看診、星期五晚上看診、星期六晚上看診、星期日晚上看診,-,65000,19950301,地區醫院
1531130105,仁安醫院,醫院,(02)22627088,新北市土城區中央路１段６２．６４號,臺北業務組,3,"復健－物理治療業務,復健－職能治療業務,門診診療,住院診療","家醫科,內科,外科,復健科",20280420.0,星期一上午看診、星期二上午看診、星期三上午看診、星期四上午看診、星期五上午看診、星期六上午看診、星期日上午休診、星期一下午看診、星期二下午看診、星期三下午看診、星期四下午看診、星期五下午看診、星期六下午休診、星期日下午休診、星期一晚上休診、星期二晚上休診、星期三晚上休診、星期四晚上休診、星期五晚上休診、星期六晚上休診、星期日晚上休診,-,65000,19990421,地區醫院
1531131139,元復醫院,醫院,(02)22661886,新北市土城區中央路２段３１８－３２４號１－４樓,臺北業務組,3,"復健－物理治療業務,復健－職能治療業務,復健－聽力語言治療業務,門診診療,住院診療","家醫科,內科,骨科,復健科",20260107.0,星期一上午看診、星期二上午看診、星期三上午看診、星期四上午看診、星期五上午看診、星期六上午看診、星期日上午休診、星期一下午看診、星期二下午看診、星期三下午看診、星期四下午看診、星期五下午看診、星期六下午休診、星期日下午休診、星期一晚上看診、星期二晚上看診、星期三晚上看診、星期四晚上看診、星期五晚上看診、星期六晚上休診、星期日晚上休診,-,65000,20070108,地區醫院
1531131157,恩樺醫院,醫院,(02)22639955,新北市土城區中央路１段７－１８號地下１樓、１樓、２樓,臺北業務組,3,"復健－物理治療業務,復健－職能治療業務,復健－語言治療業務,門診診療,住院診療,血液透析","內科,兒科,復健科",20251031.0,星期一上午看診、星期二上午看診、星期三上午休診、星期四上午看診、星期五上午休診、星期六上午休診、星期日上午休診、星期一下午看診、星期二下午休診、星期三下午休診、星期四下午看診、星期五下午看診、星期六下午休診、星期日下午休診、星期一晚上看診、星期二晚上看診、星期三晚上休診、星期四晚上看診、星期五晚上休診、星期六晚上休診、星期日晚上休診,-,65000,20161101,地區醫院
1531140058,全民醫院,醫院,(02)22821575,新北市蘆洲區三民路５、７、９號（１）樓,臺北業務組,3,,,20230807.0,,,65000,20191101,地區醫院
1531210019,台安醫院,精神科醫院,(02)26371600,新北市三芝區楓子林路４２－５號,臺北業務組,3,"門診診療,住院診療",精神科,20280229.0,星期一上午看診、星期二上午看診、星期三上午看診、星期四上午看診、星期五上午看診、星期六上午看診、星期日上午休診、星期一下午看診、星期二下午看診、星期三下午看診、星期四下午看診、星期五下午看診、星期六下午看診、星期日下午休診、星期一晚上休診、星期二晚上休診、星期三晚上休診、星期四晚上休診、星期五晚上休診、星期六晚上休診、星期日晚上休診,-,65000,19950301,地區醫院
1532040066,怡仁綜合醫院,綜合醫院,(03)4855566,桃園市楊梅區楊新北路３２１巷３０號,北區業務組,3,"復健－物理治療業務,復健－職能治療業務,復健－語言治療業務,急診業務,門診診療,婦女人類乳突病毒檢測服務,住院診療,血液透析,居家照護,分娩,胸部低劑量電腦斷層檢查","家醫科,內科,外科,兒科,婦產科,骨科,神經外科,泌尿科,神經科,復健科,職業醫學科,急診醫學科,牙科,麻醉科,放射腫瘤科,放射診斷科",20250913.0,星期一上午看診、星期二上午看診、星期三上午看診、星期四上午看診、星期五上午看診、星期六上午看診、星期日上午看診、星期一下午看診、星期二下午看診、星期三下午看診、星期四下午看診、星期五下午看診、星期六下午看診、星期日下午休診、星期一晚上看診、星期二晚上看診、星期三晚上看診、星期四晚上看診、星期五晚上看診、星期六晚上看診、星期日晚上休診,114年1月1日元旦門診全日暫停服務,68000,19960914,地區醫院
1701110019,德威國際牙醫口腔醫院,牙醫醫院,(02)27990123,臺北市內湖區內湖路１段６５９號１樓,臺北業務組,3,"門診診療,住院診療","牙髓病科,牙周病科,贋復補綴牙科,齒顎矯正科,家庭牙醫科,特殊需求者口腔醫學科",20270202.0,星期一上午看診、星期二上午看診、星期三上午看診、星期四上午看診、星期五上午看診、星期六上午休診、星期日上午休診、星期一下午看診、星期二下午看診、星期三下午看診、星期四下午看診、星期五下午看診、星期六下午休診、星期日下午休診、星期一晚上看診、星期二晚上看診、星期三晚上看診、星期四晚上看診、星期五晚上看診、星期六晚上休診、星期日晚上休診,-,63000,20210203,地區醫院
101090517,臺北市立聯合醫院,綜合醫院,(02)25553000,臺北市大同區鄭州路１４５號（代表）,臺北業務組,2,"安寧居家療護(乙類),復健－物理治療業務,復健－職能治療業務,住院安寧療護,安寧居家療護(甲類),復健－語言治療業務,急診業務,門診診療,住院診療,血液透析,分娩,精神病患者居家照護,胸部低劑量電腦斷層檢查,精神科日間住院治療,結核病","不分科,家醫科,內科,外科,兒科,婦產科,骨科,神經外科,泌尿科,耳鼻喉科,眼科,皮膚科,神經科,精神科,復健科,整形外科,職業醫學科,急診醫學科,牙科,口腔顎面外科,口腔病理科,家庭牙醫科,特殊需求者口腔醫學科,中醫一般科,麻醉科,核子醫學科,放射腫瘤科,放射診斷科,解剖病理科,臨床病理科",,星期一上午看診、星期二上午看診、星期三上午看診、星期四上午看診、星期五上午看診、星期六上午看診、星期日上午休診、星期一下午看診、星期二下午看診、星期三下午看診、星期四下午看診、星期五下午看診、星期六下午看診、星期日下午休診、星期一晚上看診、星期二晚上看診、星期三晚上看診、星期四晚上看診、星期五晚上看診、星期六晚上休診、星期日晚上休診,急診服務全年無休,63000,20050101,區域醫院
131020016,新北市立聯合醫院,綜合醫院,(02)29829111,新北市三重區新北大道１段３號、３之１號、板橋區英士路１９８號,臺北業務組,2,"復健－物理治療業務,復健－職能治療業務,復健－語言治療業務,急診業務,門診診療,住院診療,血液透析,分娩,胸部低劑量電腦斷層檢查,腹膜透析業務,結核病","家醫科,內科,外科,兒科,婦產科,骨科,神經外科,泌尿科,耳鼻喉科,眼科,皮膚科,神經科,精神科,復健科,整形外科,急診醫學科,牙科,中醫一般科,麻醉科,病理科,核子醫學科,放射診斷科,解剖病理科",,星期一上午看診、星期二上午看診、星期三上午看診、星期四上午看診、星期五上午看診、星期六上午看診、星期日上午休診、星期一下午看診、星期二下午看診、星期三下午看診、星期四下午看診、星期五下午看診、星期六下午休診、星期日下午休診、星期一晚上休診、星期二晚上休診、星期三晚上休診、星期四晚上休診、星期五晚上休診、星期六晚上休診、星期日晚上休診,-,65000,20111101,區域醫院
131060029,衛生福利部臺北醫院,綜合醫院,(02)22765566,新北市新莊區思源路１２７號、新北巿新莊區長青街６號２樓、３樓,臺北業務組,2,"復健－物理治療業務,復健－職能治療業務,住院安寧療護,復健－語言治療業務,急診業務,門診診療,住院診療,血液透析,分娩,精神病患者居家照護,義肢業務,胸部低劑量電腦斷層檢查,精神科日間住院治療,結核病","不分科,家醫科,內科,外科,兒科,婦產科,骨科,神經外科,泌尿科,耳鼻喉科,眼科,皮膚科,神經科,精神科,復健科,整形外科,職業醫學科,急診醫學科,牙科,中醫一般科,麻醉科,核子醫學科,放射腫瘤科,放射診斷科,解剖病理科",,星期一上午看診、星期二上午看診、星期三上午看診、星期四上午看診、星期五上午看診、星期六上午休診、星期日上午休診、星期一下午看診、星期二下午看診、星期三下午看診、星期四下午看診、星期五下午看診、星期六下午休診、星期日下午休診、星期一晚上看診、星期二晚上看診、星期三晚上看診、星期四晚上看診、星期五晚上看診、星期六晚上休診、星期日晚上休診,全年全天24小時提供急診服務,65000,19950301,區域醫院
131230012,衛生福利部八里療養院,精神科醫院,(02)26101660,新北市八里區華富山３３號、土城區青雲路６號１、２樓、蘆洲區,臺北業務組,2,"急診業務,門診診療,住院診療,精神病患者居家照護,精神科日間住院治療",精神科,,星期一上午看診、星期二上午看診、星期三上午看診、星期四上午看診、星期五上午看診、星期六上午看診、星期日上午休診、星期一下午看診、星期二下午看診、星期三下午看診、星期四下午看診、星期五下午休診、星期六下午休診、星期日下午休診、星期一晚上休診、星期二晚上休診、星期三晚上休診、星期四晚上休診、星期五晚上休診、星期六晚上休診、星期日晚上休診,連續假期全日提供24小時急診服務,65000,19950301,區域醫院
401020013,國立臺灣大學醫學院附設醫院癌醫中心分院,醫院,(02)23220322,臺北市大安區基隆路３段１５５巷５７號,臺北業務組,2,"復健－物理治療業務,復健－職能治療業務,復健－語言治療業務,急診業務,門診診療,住院診療,血液透析,胸部低劑量電腦斷層檢查,腹膜透析業務","內科,外科,婦產科,骨科,泌尿科,耳鼻喉科,眼科,皮膚科,神經科,精神科,復健科,急診醫學科,口腔顎面外科,家庭牙醫科,麻醉科,核子醫學科,放射腫瘤科,放射診斷科,解剖病理科,臨床病理科",,星期一上午看診、星期二上午看診、星期三上午看診、星期四上午看診、星期五上午看診、星期六上午休診、星期日上午休診、星期一下午看診、星期二下午看診、星期三下午看診、星期四下午看診、星期五下午看診、星期六下午休診、星期日下午休診、星期一晚上休診、星期二晚上看診、星期三晚上看診、星期四晚上看診、星期五晚上休診、星期六晚上休診、星期日晚上休診,-,63000,20181203,區域醫院
501010019,三軍總醫院松山分院附設民眾診療服務處,綜合醫院,(02)27642151,臺北市松山區健康路１３１號,臺北業務組,2,"復健－物理治療業務,復健－職能治療業務,復健－語言治療業務,急診業務,門診診療,住院診療,血液透析,分娩,精神病患者居家照護,胸部低劑量電腦斷層檢查","家醫科,內科,外科,兒科,婦產科,骨科,神經外科,泌尿科,耳鼻喉科,眼科,皮膚科,神經科,精神科,復健科,急診醫學科,牙科,麻醉科,放射線科,病理科,解剖病理科",,星期一上午看診、星期二上午看診、星期三上午看診、星期四上午看診、星期五上午看診、星期六上午看診、星期日上午休診、星期一下午看診、星期二下午看診、星期三下午看診、星期四下午看診、星期五下午看診、星期六下午休診、星期日下午休診、星期一晚上看診、星期二晚上休診、星期三晚上休診、星期四晚上看診、星期五晚上休診、星期六晚上休診、星期日晚上休診,-,63000,19950301,區域醫院
501160014,三軍總醫院北投分院附設民眾診療服務處,醫院,(02)28959808,臺北市北投區新民路６０號、中和街２５０號１至４樓,臺北業務組,2,"急診業務,門診診療,住院診療,精神病患者居家照護,精神科日間住院治療","不分科,家醫科,內科,外科,神經科,精神科,牙科",,星期一上午看診、星期二上午看診、星期三上午看診、星期四上午看診、星期五上午看診、星期六上午看診、星期日上午休診、星期一下午看診、星期二下午看診、星期三下午看診、星期四下午看診、星期五下午看診、星期六下午休診、星期日下午休診、星期一晚上看診、星期二晚上看診、星期三晚上看診、星期四晚上看診、星期五晚上看診、星期六晚上休診、星期日晚上休診,設有24小時急診服務,63000,19950301,區域醫院
1101010021,基督復臨安息日會醫療財團法人臺安醫院,綜合醫院,(02)27718151,臺北市松山區八德路２段４２４、４２６號,臺北業務組,2,"復健－物理治療業務,復健－職能治療業務,安寧居家療護(甲類),復健－語言治療業務,急診業務,門診診療,住院診療,血液透析,分娩,胸部低劑量電腦斷層檢查,腹膜透析業務,結核病","家醫科,內科,外科,兒科,婦產科,骨科,神經外科,泌尿科,耳鼻喉科,眼科,皮膚科,神經科,精神科,復健科,整形外科,職業醫學科,急診醫學科,牙科,牙髓病科,牙周病科,齒顎矯正科,口腔顎面外科,麻醉科,放射線科,解剖病理科",,星期一上午看診、星期二上午看診、星期三上午看診、星期四上午看診、星期五上午看診、星期六上午休診、星期日上午看診、星期一下午看診、星期二下午看診、星期三下午看診、星期四下午看診、星期五下午看診、星期六下午休診、星期日下午休診、星期一晚上看診、星期二晚上看診、星期三晚上看診、星期四晚上看診、星期五晚上休診、星期六晚上休診、星期日晚上休診,提供24小時急診服務及週日提供上午門診服務,63000,19970801,區域醫院
1101160017,振興醫療財團法人振興醫院,綜合醫院,(02)28264400,臺北市北投區振興街４５號,臺北業務組,2,"復健－物理治療業務,復健－職能治療業務,住院安寧療護,安寧居家療護(甲類),復健－語言治療業務,急診業務,門診診療,住院診療,血液透析,分娩,胸部低劑量電腦斷層檢查,精神科日間住院治療,腹膜透析業務,結核病","不分科,家醫科,內科,外科,兒科,婦產科,骨科,神經外科,泌尿科,耳鼻喉科,眼科,皮膚科,神經科,精神科,復健科,整形外科,急診醫學科,牙科,中醫一般科,麻醉科,核子醫學科,放射腫瘤科,放射診斷科,解剖病理科",,星期一上午看診、星期二上午看診、星期三上午看診、星期四上午看診、星期五上午看診、星期六上午看診、星期日上午休診、星期一下午看診、星期二下午看診、星期三下午看診、星期四下午看診、星期五下午看診、星期六下午休診、星期日下午休診、星期一晚上看診、星期二晚上看診、星期三晚上看診、星期四晚上看診、星期五晚上休診、星期六晚上休診、星期日晚上休診,提供急診服務,63000,19950301,區域醫院
1101160026,醫療財團法人辜公亮基金會和信治癌中心醫院,綜合醫院,(02)66030576,臺北市北投區立德路１２５號,臺北業務組,2,"復健－物理治療業務,復健－職能治療業務,住院安寧療護,安寧居家療護(甲類),復健－語言治療業務,急診業務,門診診療,住院診療,血液透析,胸部低劑量電腦斷層檢查,結核病","不分科,內科,外科,兒科,婦產科,神經外科,泌尿科,耳鼻喉科,眼科,神經科,精神科,復健科,整形外科,牙科,麻醉科,核子醫學科,放射腫瘤科,放射診斷科,解剖病理科,臨床病理科",,星期一上午看診、星期二上午看診、星期三上午看診、星期四上午看診、星期五上午看診、星期六上午看診、星期日上午休診、星期一下午看診、星期二下午看診、星期三下午看診、星期四下午看診、星期五下午看診、星期六下午休診、星期日下午休診、星期一晚上休診、星期二晚上休診、星期三晚上休診、星期四晚上休診、星期五晚上休診、星期六晚上休診、星期日晚上休診,-,63000,19970524,區域醫院
1131090019,行天宮醫療志業醫療財團法人恩主公醫院,綜合醫院,(02)26723456,新北市三峽區復興路３９９號、中山路１９８、２５８號,臺北業務組,2,"復健－物理治療業務,復健－職能治療業務,住院安寧療護,復健－語言治療業務,急診業務,門診診療,住院診療,血液透析,分娩,精神病患者居家照護,義肢業務,胸部低劑量電腦斷層檢查,精神科日間住院治療,結核病","家醫科,內科,外科,兒科,婦產科,骨科,神經外科,泌尿科,耳鼻喉科,眼科,皮膚科,神經科,精神科,復健科,整形外科,職業醫學科,急診醫學科,牙科,牙髓病科,牙周病科,兒童牙科,口腔顎面外科,家庭牙醫科,特殊需求者口腔醫學科,中醫一般科,麻醉科,放射線科,病理科,核子醫學科,放射腫瘤科",,星期一上午看診、星期二上午看診、星期三上午看診、星期四上午看診、星期五上午看診、星期六上午看診、星期日上午休診、星期一下午看診、星期二下午看診、星期三下午看診、星期四下午看診、星期五下午看診、星期六下午休診、星期日下午休診、星期一晚上看診、星期二晚上看診、星期三晚上看診、星期四晚上看診、星期五晚上看診、星期六晚上休診、星期日晚上休診,113年10月10日國慶日門診停診；急診24小時照常服務,65000,19971008,區域醫院
1131110516,國泰醫療財團法人汐止國泰綜合醫院,綜合醫院,(02)26482121,新北市汐止區建成路５９巷２號地下４樓至地上１２樓,臺北業務組,2,"復健－物理治療業務,復健－職能治療業務,住院安寧療護,復健－語言治療業務,急診業務,門診診療,住院診療,血液透析,分娩,精神病患者居家照護,義肢業務,胸部低劑量電腦斷層檢查,精神科日間住院治療,結核病","家醫科,內科,外科,兒科,婦產科,骨科,神經外科,泌尿科,耳鼻喉科,眼科,皮膚科,神經科,精神科,復健科,整形外科,急診醫學科,牙科,牙髓病科,家庭牙醫科,麻醉科,病理科,核子醫學科,放射腫瘤科,放射診斷科",,星期一上午看診、星期二上午看診、星期三上午看診、星期四上午看診、星期五上午看診、星期六上午看診、星期日上午休診、星期一下午看診、星期二下午看診、星期三下午看診、星期四下午看診、星期五下午看診、星期六下午休診、星期日下午休診、星期一晚上看診、星期二晚上看診、星期三晚上看診、星期四晚上看診、星期五晚上看診、星期六晚上休診、星期日晚上休診,提供急診服務,65000,20051201,區域醫院
1131130018,新北市立土城醫院（委託長庚醫療財團法人興建經營）,綜合醫院,(02)22630588,新北市土城區金城路２段６號,臺北業務組,2,"復健－物理治療業務,復健－職能治療業務,住院安寧療護,復健－語言治療業務,門診診療,住院診療,血液透析,分娩,胸部低劑量電腦斷層檢查,精神科日間住院治療,腹膜透析業務","不分科,家醫科,內科,外科,兒科,婦產科,骨科,神經外科,泌尿科,耳鼻喉科,眼科,皮膚科,神經科,精神科,復健科,整形外科,職業醫學科,急診醫學科,牙科,牙周病科,齒顎矯正科,兒童牙科,家庭牙醫科,中醫一般科,麻醉科,核子醫學科,放射腫瘤科,放射診斷科,解剖病理科",,星期一上午看診、星期二上午看診、星期三上午看診、星期四上午看診、星期五上午看診、星期六上午看診、星期日上午休診、星期一下午看診、星期二下午看診、星期三下午看診、星期四下午看診、星期五下午看診、星期六下午看診、星期日下午休診、星期一晚上看診、星期二晚上看診、星期三晚上看診、星期四晚上看診、星期五晚上看診、星期六晚上休診、星期日晚上休診,實際開診情形詳見網路掛號,65000,20200408,區域醫院
1231050017,天主教耕莘醫療財團法人耕莘醫院,綜合醫院,(02)22193391,新北市新店區中正路３６２號、車子路１５號,臺北業務組,2,"復健－物理治療業務,復健－職能治療業務,住院安寧療護,安寧居家療護(甲類),復健－語言治療業務,急診業務,門診診療,住院診療,血液透析,分娩,精神病患者居家照護,胸部低劑量電腦斷層檢查,精神科日間住院治療,結核病","不分科,家醫科,內科,外科,兒科,婦產科,骨科,神經外科,泌尿科,耳鼻喉科,眼科,皮膚科,神經科,精神科,復健科,整形外科,職業醫學科,急診醫學科,牙科,牙髓病科,牙周病科,口腔顎面外科,家庭牙醫科,特殊需求者口腔醫學科,中醫一般科,麻醉科,核子醫學科,放射腫瘤科,放射診斷科,解剖病理科,臨床病理科",,星期一上午看診、星期二上午看診、星期三上午看診、星期四上午看診、星期五上午看診、星期六上午看診、星期日上午休診、星期一下午看診、星期二下午看診、星期三下午看診、星期四下午看診、星期五下午看診、星期六下午看診、星期日下午休診、星期一晚上看診、星期二晚上看診、星期三晚上看診、星期四晚上看診、星期五晚上看診、星期六晚上休診、星期日晚上休診,新耕國定假日部分門診至本院全球資訊網參閱；安康院區看診資訊請逕至本院安康院區全球資訊網參閱；急診24小時服務,65000,19950301,區域醫院
1301170017,臺北醫學大學附設醫院,綜合醫院,(02)27372181,臺北市信義區吳興街２５２號、２５０號,臺北業務組,2,"復健－物理治療業務,復健－職能治療業務,住院安寧療護,安寧居家療護(甲類),復健－語言治療業務,急診業務,門診診療,住院診療,血液透析,分娩,胸部低劑量電腦斷層檢查,精神科日間住院治療,結核病","不分科,家醫科,內科,外科,兒科,婦產科,骨科,神經外科,泌尿科,耳鼻喉科,眼科,皮膚科,神經科,精神科,復健科,整形外科,職業醫學科,急診醫學科,牙科,牙體復形科,牙髓病科,牙周病科,贋復補綴牙科,齒顎矯正科,兒童牙科,口腔顎面外科,口腔病理科,家庭牙醫科,中醫一般科,麻醉科,核子醫學科,放射腫瘤科,放射診斷科,解剖病理科,臨床病理科",,星期一上午看診、星期二上午看診、星期三上午看診、星期四上午看診、星期五上午看診、星期六上午看診、星期日上午休診、星期一下午看診、星期二下午看診、星期三下午看診、星期四下午看診、星期五下午看診、星期六下午休診、星期日下午休診、星期一晚上看診、星期二晚上看診、星期三晚上看診、星期四晚上看診、星期五晚上看診、星期六晚上休診、星期日晚上休診,急診提供24小時服務,63000,19950301,區域醫院
1331160010,輔仁大學學校財團法人輔仁大學附設醫院,綜合醫院,(02)85128888,新北市泰山區貴子路６９號（地下４層、地上１至１３層、１５層）,臺北業務組,2,"復健－物理治療業務,復健－職能治療業務,復健－聽力語言治療業務,住院安寧療護,安寧居家療護(甲類),門診診療,住院診療,血液透析,分娩,胸部低劑量電腦斷層檢查,腹膜透析業務","不分科,家醫科,內科,外科,兒科,婦產科,骨科,神經外科,泌尿科,耳鼻喉科,眼科,皮膚科,神經科,精神科,復健科,整形外科,職業醫學科,急診醫學科,牙科,齒顎矯正科,口腔顎面外科,家庭牙醫科,麻醉科,核子醫學科,放射腫瘤科,放射診斷科,解剖病理科,臨床病理科",,星期一上午看診、星期二上午看診、星期三上午看診、星期四上午看診、星期五上午看診、星期六上午看診、星期日上午休診、星期一下午看診、星期二下午看診、星期三下午看診、星期四下午看診、星期五下午看診、星期六下午休診、星期日下午休診、星期一晚上看診、星期二晚上看診、星期三晚上看診、星期四晚上看診、星期五晚上看診、星期六晚上休診、星期日晚上休診,急診24小時服務,65000,20170929,區域醫院
401180014,國立臺灣大學醫學院附設醫院,綜合醫院,(02)23123456,臺北市中正區中山南路７、８號；常德街１號,臺北業務組,1,"復健－物理治療業務,復健－職能治療業務,住院安寧療護,安寧居家療護(甲類),復健－語言治療業務,急診業務,門診診療,住院診療,血液透析,居家照護,分娩,精神病患者居家照護,義肢業務,胸部低劑量電腦斷層檢查,精神科日間住院治療,腹膜透析業務,結核病","不分科,家醫科,內科,外科,兒科,婦產科,骨科,神經外科,泌尿科,耳鼻喉科,眼科,皮膚科,神經科,精神科,復健科,整形外科,職業醫學科,急診醫學科,牙科,牙體復形科,牙髓病科,牙周病科,贋復補綴牙科,齒顎矯正科,口腔顎面外科,口腔病理科,家庭牙醫科,特殊需求者口腔醫學科,麻醉科,核子醫學科,放射腫瘤科,放射診斷科,解剖病理科,臨床病理科",20280229.0,星期一上午看診、星期二上午看診、星期三上午看診、星期四上午看診、星期五上午看診、星期六上午休診、星期日上午休診、星期一下午看診、星期二下午看診、星期三下午看診、星期四下午看診、星期五下午看診、星期六下午休診、星期日下午休診、星期一晚上休診、星期二晚上休診、星期三晚上休診、星期四晚上休診、星期五晚上休診、星期六晚上休診、星期日晚上休診,急診全年無休，24小時提供服務；西址院區周六未開診，部分診改至兒醫大樓,63000,19950301,醫學中心
401180023,國立臺灣大學醫學院附設醫院兒童醫院,綜合醫院,(02)23123456,臺北市中正區中山南路８號,臺北業務組,1,"復健－物理治療業務,復健－職能治療業務,復健－語言治療業務,門診診療,住院診療,血液透析","外科,兒科,精神科,復健科,牙科,兒童牙科,麻醉科,放射診斷科",20260731.0,星期一上午看診、星期二上午看診、星期三上午看診、星期四上午看診、星期五上午看診、星期六上午看診、星期日上午休診、星期一下午看診、星期二下午看診、星期三下午看診、星期四下午看診、星期五下午看診、星期六下午休診、星期日下午休診、星期一晚上休診、星期二晚上休診、星期三晚上休診、星期四晚上休診、星期五晚上休診、星期六晚上休診、星期日晚上休診,兒科急診在總院全年無休，24小時提供服務,63000,20140801,醫學中心
501110514,三軍總醫院附設民眾診療服務處,綜合醫院,(02)87923311,臺北市內湖區成功路２段３２５號,臺北業務組,1,"復健－物理治療業務,復健－職能治療業務,住院安寧療護,安寧居家療護(甲類),復健－語言治療業務,急診業務,門診診療,住院診療,血液透析,分娩,精神病患者居家照護,胸部低劑量電腦斷層檢查,精神科日間住院治療,結核病","不分科,家醫科,內科,外科,兒科,婦產科,骨科,神經外科,泌尿科,耳鼻喉科,眼科,皮膚科,神經科,精神科,復健科,整形外科,職業醫學科,急診醫學科,牙科,牙體復形科,牙髓病科,牙周病科,贋復補綴牙科,齒顎矯正科,兒童牙科,口腔顎面外科,口腔病理科,家庭牙醫科,特殊需求者口腔醫學科,中醫一般科,麻醉科,核子醫學科,放射腫瘤科,放射診斷科,解剖病理科,臨床病理科",20250930.0,星期一上午看診、星期二上午看診、星期三上午看診、星期四上午看診、星期五上午看診、星期六上午看診、星期日上午休診、星期一下午看診、星期二下午看診、星期三下午看診、星期四下午看診、星期五下午看診、星期六下午休診、星期日下午休診、星期一晚上看診、星期二晚上看診、星期三晚上看診、星期四晚上看診、星期五晚上看診、星期六晚上休診、星期日晚上休診,急診24小時服務（門診實際看診時間請依各院區門診時刻表為主）,63000,20001001,醫學中心
601160016,臺北榮民總醫院,綜合醫院,(02)28712121,臺北市北投區石牌路２段２０１號,臺北業務組,1,"復健－物理治療業務,復健－職能治療業務,住院安寧療護,安寧居家療護(甲類),復健－語言治療業務,急診業務,門診診療,婦女人類乳突病毒檢測服務,住院診療,血液透析,分娩,精神病患者居家照護,胸部低劑量電腦斷層檢查,精神科日間住院治療,結核病","不分科,家醫科,內科,外科,兒科,婦產科,骨科,神經外科,泌尿科,耳鼻喉科,眼科,皮膚科,神經科,精神科,復健科,整形外科,職業醫學科,急診醫學科,牙科,牙髓病科,齒顎矯正科,兒童牙科,口腔顎面外科,特殊需求者口腔醫學科,中醫一般科,麻醉科,核子醫學科,放射腫瘤科,放射診斷科,解剖病理科,臨床病理科",20280229.0,星期一上午看診、星期二上午看診、星期三上午看診、星期四上午看診、星期五上午看診、星期六上午看診、星期日上午休診、星期一下午看診、星期二下午看診、星期三下午看診、星期四下午看診、星期五下午看診、星期六下午休診、星期日下午休診、星期一晚上看診、星期二晚上休診、星期三晚上休診、星期四晚上休診、星期五晚上休診、星期六晚上休診、星期日晚上休診,-,63000,19950301,醫學中心
1101010012,長庚醫療財團法人台北長庚紀念醫院,綜合醫院,(02)27135211,臺北市松山區敦化北路１９９、１９７號、１９９巷６號、民生東路,北區業務組,1,"復健－物理治療業務,復健－職能治療業務,復健－聽力檢查業務,復健－語言治療業務,急診業務,門診診療,住院診療,血液透析,分娩,胸部低劑量電腦斷層檢查,腹膜透析業務","不分科,家醫科,內科,外科,兒科,婦產科,骨科,神經外科,泌尿科,耳鼻喉科,眼科,皮膚科,神經科,精神科,復健科,整形外科,急診醫學科,牙科,牙周病科,贋復補綴牙科,齒顎矯正科,兒童牙科,口腔病理科,中醫一般科,麻醉科,放射線科,病理科,核子醫學科,放射腫瘤科",20280229.0,星期一上午看診、星期二上午看診、星期三上午看診、星期四上午看診、星期五上午看診、星期六上午看診、星期日上午休診、星期一下午看診、星期二下午看診、星期三下午看診、星期四下午看診、星期五下午看診、星期六下午看診、星期日下午休診、星期一晚上看診、星期二晚上看診、星期三晚上看診、星期四晚上看診、星期五晚上看診、星期六晚上休診、星期日晚上休診,門診開診日及開診科別依本院門診表公告為準。,63000,19950301,醫學中心
1101020018,國泰醫療財團法人國泰綜合醫院,綜合醫院,(02)27082121,臺北市大安區仁愛路４段２８０號，２６６巷６號,臺北業務組,1,"復健－物理治療業務,復健－職能治療業務,復健－語言治療業務,急診業務,門診診療,婦女人類乳突病毒檢測服務,住院診療,血液透析,分娩,義肢業務,胸部低劑量電腦斷層檢查,結核病","不分科,家醫科,內科,外科,兒科,婦產科,骨科,神經外科,泌尿科,耳鼻喉科,眼科,皮膚科,神經科,精神科,復健科,整形外科,職業醫學科,急診醫學科,牙科,牙髓病科,牙周病科,贋復補綴牙科,齒顎矯正科,兒童牙科,口腔顎面外科,家庭牙醫科,麻醉科,核子醫學科,放射腫瘤科,放射診斷科,解剖病理科,臨床病理科",20280229.0,星期一上午看診、星期二上午看診、星期三上午看診、星期四上午看診、星期五上午看診、星期六上午看診、星期日上午休診、星期一下午看診、星期二下午看診、星期三下午看診、星期四下午看診、星期五下午看診、星期六下午休診、星期日下午休診、星期一晚上看診、星期二晚上看診、星期三晚上看診、星期四晚上休診、星期五晚上看診、星期六晚上休診、星期日晚上休診,急診全年無休，24小時提供服務,63000,19950301,醫學中心
1101100011,台灣基督長老教會馬偕醫療財團法人馬偕紀念醫院,綜合醫院,(02)25433535,臺北市中山區中山北路２段９２號,臺北業務組,1,"復健－物理治療業務,復健－職能治療業務,住院安寧療護,安寧居家療護(甲類),復健－語言治療業務,急診業務,門診診療,住院診療,血液透析,居家照護,分娩,精神病患者居家照護,胸部低劑量電腦斷層檢查,精神科日間住院治療,結核病","不分科,家醫科,內科,外科,兒科,婦產科,骨科,神經外科,泌尿科,耳鼻喉科,眼科,皮膚科,神經科,精神科,復健科,整形外科,職業醫學科,急診醫學科,牙科,牙髓病科,牙周病科,贋復補綴牙科,齒顎矯正科,兒童牙科,口腔顎面外科,口腔病理科,家庭牙醫科,中醫一般科,麻醉科,核子醫學科,放射腫瘤科,放射診斷科,解剖病理科,臨床病理科",20280229.0,星期一上午看診、星期二上午看診、星期三上午看診、星期四上午看診、星期五上午看診、星期六上午看診、星期日上午休診、星期一下午看診、星期二下午看診、星期三下午看診、星期四下午看診、星期五下午看診、星期六下午休診、星期日下午休診、星期一晚上看診、星期二晚上看診、星期三晚上看診、星期四晚上看診、星期五晚上看診、星期六晚上休診、星期日晚上休診,24小時急診服務,63000,19950301,醫學中心
1101100020,台灣基督長老教會馬偕醫療財團法人馬偕兒童醫院,綜合醫院,(02)25433535,臺北市中山區中山北路２段９２號,臺北業務組,1,"復健－物理治療業務,復健－職能治療業務,安寧居家療護(甲類),復健－語言治療業務,門診診療,住院診療","外科,兒科,婦產科,骨科,神經外科,耳鼻喉科,眼科,皮膚科,精神科,復健科,兒童牙科,麻醉科,放射診斷科",20260916.0,星期一上午看診、星期二上午看診、星期三上午看診、星期四上午看診、星期五上午看診、星期六上午看診、星期日上午休診、星期一下午看診、星期二下午看診、星期三下午看診、星期四下午看診、星期五下午看診、星期六下午休診、星期日下午休診、星期一晚上看診、星期二晚上看診、星期三晚上看診、星期四晚上看診、星期五晚上看診、星期六晚上休診、星期日晚上休診,提供24小時急診服務醫院,63000,20140917,醫學中心
1101150011,新光醫療財團法人新光吳火獅紀念醫院,綜合醫院,(02)28332211,臺北市士林區文昌路９５號及士商路５１號１至７樓５３、５５號,臺北業務組,1,"復健－物理治療業務,復健－職能治療業務,住院安寧療護,復健－語言治療業務,急診業務,門診診療,婦女人類乳突病毒檢測服務,住院診療,血液透析,分娩,精神病患者居家照護,胸部低劑量電腦斷層檢查,精神科日間住院治療,結核病","不分科,家醫科,內科,外科,兒科,婦產科,骨科,神經外科,泌尿科,耳鼻喉科,眼科,皮膚科,神經科,精神科,復健科,整形外科,職業醫學科,急診醫學科,牙科,牙體復形科,牙髓病科,牙周病科,贋復補綴牙科,齒顎矯正科,口腔顎面外科,家庭牙醫科,特殊需求者口腔醫學科,中醫一般科,麻醉科,核子醫學科,放射腫瘤科,放射診斷科,解剖病理科,臨床病理科",20280229.0,星期一上午看診、星期二上午看診、星期三上午看診、星期四上午看診、星期五上午看診、星期六上午看診、星期日上午休診、星期一下午看診、星期二下午看診、星期三下午看診、星期四下午看診、星期五下午看診、星期六下午休診、星期日下午休診、星期一晚上看診、星期二晚上看診、星期三晚上看診、星期四晚上看診、星期五晚上休診、星期六晚上休診、星期日晚上休診,自113年06月01日起，日、夜間門診及週六診掛號費均為200元（包括同新門診掛號費）,63000,19950301,醫學中心
1131010011,醫療財團法人徐元智先生醫藥基金會亞東紀念醫院,綜合醫院,(02)89667000,新北市板橋區南雅南路２段２１號及高爾富路３００號,臺北業務組,1,"復健－物理治療業務,復健－職能治療業務,住院安寧療護,安寧居家療護(甲類),復健－語言治療業務,急診業務,門診診療,婦女人類乳突病毒檢測服務,住院診療,血液透析,分娩,精神病患者居家照護,胸部低劑量電腦斷層檢查,精神科日間住院治療,結核病","家醫科,內科,外科,兒科,婦產科,骨科,神經外科,泌尿科,耳鼻喉科,眼科,皮膚科,神經科,精神科,復健科,整形外科,職業醫學科,急診醫學科,牙科,牙周病科,齒顎矯正科,口腔顎面外科,口腔病理科,家庭牙醫科,特殊需求者口腔醫學科,中醫一般科,麻醉科,放射線科,病理科,核子醫學科",20280229.0,星期一上午看診、星期二上午看診、星期三上午看診、星期四上午看診、星期五上午看診、星期六上午看診、星期日上午休診、星期一下午看診、星期二下午看診、星期三下午看診、星期四下午看診、星期五下午看診、星期六下午休診、星期日下午休診、星期一晚上看診、星期二晚上看診、星期三晚上看診、星期四晚上看診、星期五晚上看診、星期六晚上休診、星期日晚上休診,-,65000,19950301,醫學中心
1131050515,佛教慈濟醫療財團法人台北慈濟醫院,綜合醫院,(02)66289779,新北市新店區建國路２８９號,臺北業務組,1,"復健－物理治療業務,復健－職能治療業務,住院安寧療護,安寧居家療護(甲類),復健－語言治療業務,急診業務,門診診療,婦女人類乳突病毒檢測服務,住院診療,血液透析,分娩,精神病患者居家照護,胸部低劑量電腦斷層檢查,精神科日間住院治療,結核病","不分科,家醫科,內科,外科,兒科,婦產科,骨科,神經外科,泌尿科,耳鼻喉科,眼科,皮膚科,神經科,精神科,復健科,整形外科,職業醫學科,急診醫學科,牙科,牙髓病科,牙周病科,贋復補綴牙科,齒顎矯正科,口腔顎面外科,家庭牙醫科,特殊需求者口腔醫學科,中醫一般科,麻醉科,放射線科,病理科,核子醫學科",20280507.0,星期一上午看診、星期二上午看診、星期三上午看診、星期四上午看診、星期五上午看診、星期六上午看診、星期日上午休診、星期一下午看診、星期二下午看診、星期三下午看診、星期四下午看診、星期五下午看診、星期六下午休診、星期日下午休診、星期一晚上看診、星期二晚上看診、星期三晚上看診、星期四晚上看診、星期五晚上看診、星期六晚上休診、星期日晚上休診,急診提供24小時服務。,65000,20050508,醫學中心
1131100010,台灣基督長老教會馬偕醫療財團法人淡水馬偕紀念醫院,綜合醫院,(02)28094661,新北市淡水區民生路４５號、民權路４７號B１至１０樓,臺北業務組,1,"復健－物理治療業務,復健－職能治療業務,住院安寧療護,安寧居家療護(甲類),復健－語言治療業務,急診業務,門診診療,婦女人類乳突病毒檢測服務,住院診療,血液透析,分娩,精神病患者居家照護,胸部低劑量電腦斷層檢查,精神科日間住院治療","家醫科,內科,外科,兒科,婦產科,骨科,神經外科,泌尿科,耳鼻喉科,眼科,皮膚科,神經科,精神科,復健科,整形外科,職業醫學科,急診醫學科,牙科,牙髓病科,牙周病科,贋復補綴牙科,齒顎矯正科,口腔顎面外科,家庭牙醫科,中醫一般科,麻醉科,核子醫學科,放射腫瘤科,放射診斷科,解剖病理科,臨床病理科",20280229.0,星期一上午看診、星期二上午看診、星期三上午看診、星期四上午看診、星期五上午看診、星期六上午看診、星期日上午休診、星期一下午看診、星期二下午看診、星期三下午看診、星期四下午看診、星期五下午看診、星期六下午休診、星期日下午休診、星期一晚上看診、星期二晚上休診、星期三晚上看診、星期四晚上休診、星期五晚上看診、星期六晚上休診、星期日晚上休診,24小時急診服務；每週一、三、五提供中醫夜診,65000,19950301,醫學中心
1301200010,臺北市立萬芳醫院－委託臺北醫學大學辦理,綜合醫院,(02)29307930,臺北市文山區興隆路３段１１１號,臺北業務組,1,"復健－物理治療業務,復健－職能治療業務,住院安寧療護,安寧居家療護(甲類),復健－語言治療業務,急診業務,門診診療,婦女人類乳突病毒檢測服務,住院診療,血液透析,分娩,精神病患者居家照護,胸部低劑量電腦斷層檢查,精神科日間住院治療,腹膜透析業務,結核病","不分科,家醫科,內科,外科,兒科,婦產科,骨科,神經外科,泌尿科,耳鼻喉科,眼科,皮膚科,神經科,精神科,復健科,整形外科,職業醫學科,急診醫學科,牙科,牙體復形科,牙髓病科,牙周病科,贋復補綴牙科,齒顎矯正科,兒童牙科,口腔顎面外科,口腔病理科,家庭牙醫科,中醫一般科,麻醉科,核子醫學科,放射腫瘤科,放射診斷科,解剖病理科,臨床病理科",20280229.0,星期一上午看診、星期二上午看診、星期三上午看診、星期四上午看診、星期五上午看診、星期六上午看診、星期日上午休診、星期一下午看診、星期二下午看診、星期三下午看診、星期四下午看診、星期五下午看診、星期六下午休診、星期日下午休診、星期一晚上看診、星期二晚上看診、星期三晚上看診、星期四晚上看診、星期五晚上看診、星期六晚上休診、星期日晚上休診,提供24小時急診服務,63000,19970114,醫學中心
1331040513,衛生福利部雙和醫院〈委託臺北醫學大學興建經營〉,綜合醫院,(02)22490088,新北市中和區中正路２９１號醫療大樓地下２層至地上１２層,臺北業務組,1,"復健－物理治療業務,復健－職能治療業務,住院安寧療護,安寧居家療護(甲類),復健－語言治療業務,急診業務,門診診療,婦女人類乳突病毒檢測服務,住院診療,血液透析,分娩,精神病患者居家照護,胸部低劑量電腦斷層檢查,精神科日間住院治療,腹膜透析業務","不分科,家醫科,內科,外科,兒科,婦產科,骨科,神經外科,泌尿科,耳鼻喉科,眼科,皮膚科,神經科,精神科,復健科,整形外科,職業醫學科,急診醫學科,牙科,牙髓病科,牙周病科,贋復補綴牙科,齒顎矯正科,兒童牙科,口腔顎面外科,口腔病理科,家庭牙醫科,特殊需求者口腔醫學科,麻醉科,核子醫學科,放射腫瘤科,放射診斷科,解剖病理科,臨床病理科",20280630.0,星期一上午看診、星期二上午看診、星期三上午看診、星期四上午看診、星期五上午看診、星期六上午看診、星期日上午休診、星期一下午看診、星期二下午看診、星期三下午看診、星期四下午看診、星期五下午看診、星期六下午休診、星期日下午休診、星期一晚上看診、星期二晚上看診、星期三晚上看診、星期四晚上看診、星期五晚上看診、星期六晚上休診、星期日晚上休診,1／1、1／28-1／31、2／28、4／3、4／4、5／31、10／6、10／10休診,65000,20080901,醫學中心
